steam_function,caller_address,caller_function
"SteamAPI_RegisterCallback","141aaea94",""
"SteamAPI_RegisterCallback","140b5e561","FUN_140b5e510"
"SteamAPI_RegisterCallback","140b5e5d9","FUN_140b5e510"
"SteamAPI_RegisterCallback","140b5e59d","FUN_140b5e510"
"SteamAPI_RegisterCallback","140a545bd","FUN_140a544d0"
"SteamAPI_RegisterCallback","140a5460c","FUN_140a544d0"
"SteamAPI_RegisterCallback","140ff1e72","FUN_140ff1e10"
"SteamAPI_RegisterCallback","140ff1eae","FUN_140ff1e10"
"SteamAPI_RegisterCallback","140a712c7","FUN_140a710f0"
"SteamAPI_RegisterCallback","140a71316","FUN_140a710f0"
"SteamAPI_RegisterCallback","140a71365","FUN_140a710f0"
"SteamAPI_RegisterCallback","140a713b4","FUN_140a710f0"
"SteamAPI_RegisterCallback","140a71403","FUN_140a710f0"
"SteamAPI_RegisterCallback","1406c9866","FUN_1406c9690"
"SteamAPI_RegisterCallback","1401c04f5","FUN_1401c03c0"
"SteamAPI_UnregisterCallback","141aaea9c",""
"SteamAPI_UnregisterCallback","140a546d8","FUN_140a54680"
"SteamAPI_UnregisterCallback","140a546f6","FUN_140a54680"
"SteamAPI_UnregisterCallback","140a54640","FUN_140a54630"
"SteamAPI_UnregisterCallback","140a54660","FUN_140a54650"
"SteamAPI_UnregisterCallback","140ff1f00","FUN_140ff1ef0"
"SteamAPI_UnregisterCallback","140ff1ee0","FUN_140ff1ed0"
"SteamAPI_UnregisterCallback","140ff1f94","FUN_140ff1f10"
"SteamAPI_UnregisterCallback","140ff1f79","FUN_140ff1f10"
"SteamAPI_UnregisterCallback","140a714c0","FUN_140a714b0"
"SteamAPI_UnregisterCallback","140a714a0","FUN_140a71490"
"SteamAPI_UnregisterCallback","140a71500","FUN_140a714f0"
"SteamAPI_UnregisterCallback","140a714e0","FUN_140a714d0"
"SteamAPI_UnregisterCallback","140a71520","FUN_140a71510"
"SteamAPI_UnregisterCallback","140a715ac","FUN_140a71560"
"SteamAPI_UnregisterCallback","140a71620","FUN_140a71560"
"SteamAPI_UnregisterCallback","140a71603","FUN_140a71560"
"SteamAPI_UnregisterCallback","140a715e6","FUN_140a71560"
"SteamAPI_UnregisterCallback","140a715c9","FUN_140a71560"
"SteamAPI_UnregisterCallback","1406ca078","FUN_1406ca010"
"SteamAPI_UnregisterCallback","1406c9c70","FUN_1406c9c60"
"SteamAPI_UnregisterCallback","1401c0b9a","FUN_1401c0b70"
"SteamAPI_UnregisterCallback","1401c0bbe","FUN_1401c0b70"
"SteamApps","141aaeaa4",""
"SteamApps","1406caae7","FUN_1406caa80"
"SteamApps","1406cab12","FUN_1406caa80"
"SteamApps","14050443b","FUN_140504410"
"SteamApps","140b50078","FUN_140b50078"
"SteamUser","141aaeaac",""
"SteamUser","140b5e95a","FUN_140b5e920"
"SteamUser","140b5e969","FUN_140b5e920"
"SteamUser","140b5e615","FUN_140b5e510"
"SteamUser","140b5e620","FUN_140b5e510"
"SteamUser","140a7ac7b","FUN_140a7ab40"
"SteamUser","140a7a208","FUN_140a7a1f0"
"SteamUser","140a7a612","FUN_140a7a600"
"SteamUser","140a7a63e","FUN_140a7a600"
"SteamUser","140a771c1","FUN_140a77180"
"SteamUser","140a771d0","FUN_140a77180"
"SteamUser","140a76c8c","FUN_140a76b90"
"SteamUser","140a76e06","FUN_140a76d90"
"SteamUser","140a76e40","FUN_140a76d90"
"SteamUser","140a770ef","FUN_140a76fe0"
"SteamUser","140a54a26","FUN_140a549e0"
"SteamUser","140a54c9b","FUN_140a54c50"
"SteamUser","140a54d05","FUN_140a54c50"
"SteamUser","140a54df7","FUN_140a54c50"
"SteamUser","1406ccced","FUN_1406cccc0"
"SteamUser","1406ccd12","FUN_1406cccc0"
"SteamUser","1406cb44e","FUN_1406caa80"
"SteamUser","1406cb481","FUN_1406caa80"
"SteamUserStats","141aaeab4",""
"SteamUserStats","140b5e94b","FUN_140b5e920"
"SteamUserStats","140b5e980","FUN_140b5e920"
"SteamUserStats","140b5eac3","FUN_140b5eab0"
"SteamUserStats","140b5ead6","FUN_140b5eab0"
"SteamUserStats","140b5e60a","FUN_140b5e510"
"SteamUserStats","140b5e633","FUN_140b5e510"
"SteamUserStats","140b5e6e8","FUN_140b5e6a0"
"SteamUserStats","140b5e6f7","FUN_140b5e6a0"
"SteamUserStats","140b5e709","FUN_140b5e6a0"
"SteamUserStats","140b5e776","FUN_140b5e6a0"
"SteamUserStats","140b5e7a9","FUN_140b5e6a0"
"SteamUserStats","140b5e86c","FUN_140b5e6a0"
"SteamUserStats","140b5e757","FUN_140b5e6a0"
"SteamUserStats","140b5e859","FUN_140b5e6a0"
"SteamAPI_RunCallbacks","141aaeabc",""
"SteamAPI_RunCallbacks","140af00a3","FUN_140af0090"
"SteamUtils","141aaeac4",""
"SteamUtils","140b5e5e7","FUN_140b5e510"
"SteamUtils","140ff2099","FUN_140ff2050"
"SteamUtils","140ff2324","FUN_140ff22e0"
"SteamUtils","140aee885",""
"SteamAPI_Init","141aaeacc",""
"SteamAPI_RestartAppIfNecessary","141aaead4",""
"SteamAPI_Shutdown","141aaeadc",""
"SteamAPI_Shutdown","140aedfc7","FUN_140aedee0"
"SteamAPI_UnregisterCallResult","141aaeae4",""
"SteamAPI_UnregisterCallResult","140a73d50","FUN_140a73d30"
"SteamAPI_UnregisterCallResult","140a73d74","FUN_140a73d30"
"SteamAPI_UnregisterCallResult","140a73218","FUN_140a73190"
"SteamAPI_UnregisterCallResult","140a72dac","FUN_140a72ce0"
"SteamAPI_UnregisterCallResult","140a7144c","FUN_140a71430"
"SteamAPI_UnregisterCallResult","140a7147c","FUN_140a71460"
"SteamAPI_UnregisterCallResult","140a71671","FUN_140a71560"
"SteamAPI_UnregisterCallResult","140a7169f","FUN_140a71560"
"SteamAPI_RegisterCallResult","141aaeaec",""
"SteamAPI_RegisterCallResult","140a73243","FUN_140a73190"
"SteamAPI_RegisterCallResult","140a72dd7","FUN_140a72ce0"
"SteamNetworking","141aaeaf4",""
"SteamNetworking","140a7ae02","FUN_140a7add0"
"SteamNetworking","140a7a4ac","FUN_140a7a410"
"SteamNetworking","140a7a54b","FUN_140a7a410"
"SteamNetworking","140a76eb3","FUN_140a76d90"
"SteamNetworking","140a75b01","FUN_140a75800"
"SteamNetworking","140a75a72","FUN_140a75800"
"SteamNetworking","140a73e00","FUN_140a73de0"
"SteamNetworking","140a73680","FUN_140a735f0"
"SteamMatchmaking","141aaeafc",""
"SteamMatchmaking","140a7523f","FUN_140a75220"
"SteamMatchmaking","140a748e4","FUN_140a748c0"
"SteamMatchmaking","140a74906","FUN_140a748c0"
"SteamMatchmaking","140a74194","FUN_140a74170"
"SteamMatchmaking","140a741b6","FUN_140a74170"
"SteamMatchmaking","140a731c6","FUN_140a73190"
"SteamMatchmaking","140a72d5e","FUN_140a72ce0"
"SteamMatchmaking","140a72a6b","FUN_140a72740"
"SteamMatchmaking","140a71be4","FUN_140a71bb0"
"SteamClient","141aaeb04",""
"SteamClient","140a54c8c","FUN_140a54c50"
"SteamClient","140aee87c",""
"SteamFriends","141aaeb0c",""
"SteamFriends","14051c7db","FUN_14051c770"
"SteamFriends","140a7a771","FUN_140a7a690"
"SteamFriends","140a54d4b","FUN_140a54c50"
"SteamFriends","140a73c3a","FUN_140a73bd0"
"SteamFriends","140a7363b","FUN_140a735f0"
"SteamFriends","140a7279e","FUN_140a72740"
"SteamFriends","14004ad88","FUN_14004ad70"
"SteamFriends","140a40f4f","FUN_140a40f20"
